,Gold,Oil,Bitcoin,EURUSD,US10Y_Yield,CPI_Inflation,DXY_Index
Gold,1.0,-0.11966961588335122,0.581083287687886,0.6764315467074609,0.1488417865426204,,-0.499595614059696
Oil,-0.11966961588335122,1.0,-0.10213719331561037,0.01704870735230333,0.18872688705229507,,-0.043602530907932195
Bitcoin,0.581083287687886,-0.10213719331561037,1.0,0.38740388287118177,0.29319668804504967,,-0.4536660829196148
EURUSD,0.6764315467074609,0.01704870735230333,0.38740388287118177,1.0,0.020590300512299545,,-0.42482892271480427
US10Y_Yield,0.1488417865426204,0.18872688705229507,0.29319668804504967,0.020590300512299545,1.0,,0.1702635700482221
CPI_Inflation,,,,,,,
DXY_Index,-0.499595614059696,-0.043602530907932195,-0.4536660829196148,-0.42482892271480427,0.1702635700482221,,1.0
