,Gold,Oil,Bitcoin,EURUSD,US10Y_Yield,CPI_Inflation,DXY_Index
Gold,1.0,-0.003913966057054908,0.12292321828510372,0.09871798808083308,-0.04416210997076112,0.08842106095468466,-0.3509240279146583
Oil,-0.003913966057054908,1.0,-0.03190789629404178,-0.11039004876686644,0.022331807736837607,0.037443687650769115,0.20224119218746808
Bitcoin,0.12292321828510372,-0.03190789629404178,1.0,0.00850613038157673,0.015494177650350813,0.008606003305313713,-0.02474830358299769
EURUSD,0.09871798808083308,-0.11039004876686644,0.00850613038157673,1.0,-0.03702137899293649,-0.029864137051952233,-0.1501622236987812
US10Y_Yield,-0.04416210997076112,0.022331807736837607,0.015494177650350813,-0.03702137899293649,1.0,-0.025758723907142653,0.04963920377953596
CPI_Inflation,0.08842106095468466,0.037443687650769115,0.008606003305313713,-0.029864137051952233,-0.025758723907142653,1.0,0.09234365672635178
DXY_Index,-0.3509240279146583,0.20224119218746808,-0.02474830358299769,-0.1501622236987812,0.04963920377953596,0.09234365672635178,1.0
